x,y,feature,timestamp
28,12,1,9112730
31,13,1,9530663
32,30,0,9557600
5,30,5,9589065
29,32,0,9594330
31,34,2,9608195
31,33,3,9609045
24,33,2,9619182
26,33,1,9619198
28,33,1,9619400
33,35,2,9620183
60,20,5,9621450
32,35,2,9622907
30,34,2,9623244
25,34,1,9623461
29,35,1,9623611
27,34,1,9625651
33,36,1,9635720
32,35,1,9642572
28,38,2,9652232
26,36,2,9652245
29,37,1,9652448
10,34,1,9678996
11,35,1,9681694
27,38,2,9683120
29,38,0,9683516
25,39,0,9685575
26,41,1,9709402
11,38,2,9712057
13,40,2,9715072
26,43,3,9749545
11,45,1,9842972
34,24,5,9905671
52,16,2,10900756
14,60,5,10953005
13,59,5,10953716
13,60,5,10954428
15,61,6,10955585
18,60,6,10956479
21,61,5,10957017
18,60,5,10958064
16,61,6,10959524
14,59,6,10959533
19,60,5,10959609
12,60,1,10959876
18,59,5,10959902
16,60,7,10960532
19,59,5,10960995
18,60,1,10960997
14,61,4,10961899
17,60,6,10962007
13,58,6,10962029
12,60,2,10963236
17,59,6,10963710
16,60,2,10963780
19,60,6,10964134
13,60,6,10964261
11,60,2,10964273
21,60,5,10964275
12,60,7,10964970
7,61,7,10965484
16,60,6,10965629
17,58,5,10965784
14,59,7,10965799
11,59,6,10966486
8,61,4,10967300
17,61,4,10967501
21,59,5,10967537
10,59,7,10968075
12,60,4,10968891
14,59,4,10968938
21,58,6,10980468
19,56,5,10984711
2,60,7,10990222
6,60,1,10990637
3,60,4,10990879
4,58,7,10991379
12,56,6,10991595
21,57,6,10991909
17,55,5,10992263
5,58,4,10992534
9,56,4,10992545
20,56,5,10993776
17,55,1,10993788
8,60,6,10994205
10,59,6,10994928
8,57,6,10994938
7,56,7,10995192
3,59,4,10995453
9,55,5,10995526
6,59,1,10995650
4,57,1,10995663
2,59,7,10995665
12,54,5,10995777
6,56,7,10995782
15,55,2,10996235
9,55,7,10996436
12,54,6,10996508
4,58,6,10996536
7,57,4,10996638
21,56,6,10996702
20,57,2,10996705
18,55,1,10997786
11,56,1,10998066
18,56,2,10998325
22,57,5,10998736
5,57,4,10998751
8,55,7,10998987
11,55,5,10999513
9,55,4,11000310
7,60,1,11000331
11,58,5,11019135
9,53,4,11019138
2,55,7,11020604
5,53,7,11021588
3,55,4,11022234
9,51,7,11022544
2,55,4,11024733
10,56,6,11024987
11,51,4,11025283
8,51,5,11025838
2,54,7,11026049
8,52,4,11027191
6,52,7,11027439
9,54,1,11027751
7,52,1,11027758
4,53,4,11028132
13,51,1,11029321
5,52,6,11030052
9,54,6,11030436
7,52,6,11030469
11,56,6,11030674
10,55,5,11030741
10,51,6,11031227
8,51,2,11031243
14,51,1,11031436
9,53,7,11054702
9,50,5,11055362
9,49,5,11055852
10,52,7,11058774
13,47,7,11060315
2,48,4,11078734
3,46,7,11082665
4,45,7,11085330
19,45,6,11087401
17,45,2,11087420
10,49,4,11088419
2,47,4,11090458
3,44,4,11114950
5,42,7,11123860
20,44,2,11145734
19,43,2,11145804
19,39,5,11172141
10,38,1,11176261
3,40,7,11177987
13,37,1,11179858
13,37,2,11182384
13,39,2,11182955
11,37,2,11182980
18,40,2,11184748
16,38,2,11184759
21,37,2,11272730
4,41,0,11277684
5,41,0,11296582
4,42,3,11301688
8,38,0,11304121
6,39,3,11304123
6,41,0,11304360
7,38,3,11305501
4,45,0,11310219
5,43,0,11312142
18,37,2,11369698
16,35,2,11375035
35,27,2,11686062
54,2,1,11700464
35,26,2,11712389
25,42,2,11714407
44,9,6,11967245
24,28,4,12429242
55,4,3,13144446
45,10,0,13149633
56,5,0,13152367
58,3,0,13152372
56,4,3,13153430
23,29,7,13183064
23,30,4,13183440
25,27,7,13184381
23,28,7,13186509
22,30,7,13186999
23,31,4,13187482
26,26,7,13187507
24,28,4,13187741
22,27,7,13195091
27,24,7,13196640
20,29,4,13197538
39,25,2,13197787
17,35,5,13198700
28,23,7,13199382
29,22,7,13200374
20,28,4,13200516
19,29,4,13200569
17,32,5,13200772
18,37,6,13200901
17,36,5,13200933
18,35,7,13200936
40,24,2,13201205
17,36,4,13201228
19,32,6,13201339
27,22,2,13201605
18,38,7,13202122
30,23,4,13202180
17,34,5,13202379
18,31,4,13202444
17,38,4,13202477
17,39,6,13202733
17,35,7,13202740
18,28,7,13202937
38,24,2,13202986
18,40,5,13203104
31,23,4,13203177
17,34,4,13203521
17,36,7,13203726
16,37,4,13204078
15,39,6,13204174
19,45,5,13204392
18,44,5,13204395
17,40,5,13204533
15,36,6,13204763
16,35,6,13204780
16,39,7,13204836
16,30,7,13204854
40,23,2,13204895
39,23,2,13205064
31,22,7,13205203
15,36,5,13205216
15,36,4,13205358
23,25,5,13205375
16,40,6,13205437
16,35,5,13205619
16,33,4,13205624
25,21,1,13205975
13,34,6,13205977
16,41,6,13206038
17,44,6,13206064
14,37,6,13206252
14,36,6,13206295
15,34,7,13206299
21,24,5,13206335
32,21,4,13206355
18,46,6,13206402
33,22,2,13206485
40,22,1,13206509
29,22,4,13206554
32,22,2,13206555
16,44,6,13206571
42,23,1,13207038
16,40,4,13207198
13,34,5,13207217
15,34,4,13207223
14,36,5,13207487
16,30,4,13207586
34,21,4,13207618
13,38,6,13207649
18,48,6,13207786
17,47,6,13207788
13,36,7,13207956
15,43,6,13207994
15,31,4,13208016
14,39,7,13208079
41,22,1,13208092
42,23,2,13208210
15,45,6,13208221
14,40,4,13208338
14,32,6,13208363
15,37,4,13208379
33,21,1,13208516
12,33,6,13208535
21,23,7,13208659
14,40,6,13208861
15,42,5,13208892
33,20,7,13209096
13,36,6,13209121
13,36,4,13209133
16,30,1,13209192
15,29,1,13209194
15,43,5,13209199
13,34,7,13209249
12,35,6,13209312
23,23,5,13209371
14,41,5,13209391
22,22,7,13209414
36,21,4,13209426
13,43,6,13209487
31,21,7,13209521
17,47,5,13209604
13,40,6,13209623
22,23,4,13209631
49,42,3,13209649
42,22,1,13209752
22,24,2,13209803
24,21,4,13209818
37,21,2,13209836
24,20,2,13209852
30,20,4,13209876
39,21,2,13209910
40,20,1,13209916
20,23,5,13209962
14,41,7,13209971
34,21,7,13210029
35,20,7,13210030
40,43,1,13210121
28,20,2,13210214
15,44,7,13210352
37,21,4,13210359
38,21,2,13210361
24,22,5,13210469
22,21,7,13210620
31,20,4,13210631
32,21,2,13210638
29,20,2,13210655
33,20,4,13210726
14,37,5,13210780
14,38,7,13210781
18,47,3,13210829
12,37,6,13210994
25,20,2,13211009
12,42,6,13211212
22,23,6,13211401
14,46,6,13211909
12,44,6,13211914
22,21,4,13212011
23,22,6,13212052
33,20,1,13213185
30,20,7,13213253
50,40,5,13214024
49,43,6,13214858
30,21,6,13215477
37,20,7,13215580
30,20,2,13215769
48,47,2,13215776
44,51,2,13215853
49,40,6,13216159
14,42,5,13216386
50,36,6,13216442
14,44,5,13216493
12,42,5,13216496
43,22,1,13216717
50,45,6,13216831
48,43,6,13216833
50,44,5,13216868
48,42,5,13216869
16,44,0,13217036
31,19,2,13217187
37,20,2,13217263
44,50,1,13217298
42,48,1,13217299
14,48,6,13217403
28,19,2,13217419
28,19,1,13217432
51,43,5,13218009
48,39,6,13218394
33,20,2,13218404
13,42,0,13218479
13,29,1,13218538
29,19,5,13218654
28,20,1,13218668
16,29,2,13218708
46,45,2,13218714
48,33,5,13218979
12,36,1,13219133
38,20,2,13219261
48,42,4,13224850
47,38,5,13227371
18,47,0,13227616
16,28,0,13229074
14,33,0,13230160
39,35,2,13230209
18,41,4,13230375
43,30,4,13230957
44,28,7,13231666
21,39,5,13231844
40,31,7,13232033
14,32,3,13232637
33,36,3,13232656
43,29,4,13232901
41,30,7,13232907
42,29,7,13233076
28,32,7,13233518
45,27,5,13233605
19,46,5,13233628
37,36,7,13234171
24,48,0,13235169
31,38,3,13235203
26,37,3,13235301
28,35,3,13235305
44,25,6,13235399
23,33,3,13235756
43,24,6,13236114
37,38,5,13237095
42,42,7,13237505
36,31,7,13239119
26,30,4,13239269
39,40,5,13239784
38,41,6,13239789
37,30,4,13240027
43,25,5,13240078
24,30,7,13240201
29,42,0,13240801
43,24,5,13241728
33,33,4,13241823
31,32,3,13241828
37,30,7,13241991
40,24,7,13243432
42,22,7,13243435
29,24,4,13243476
21,21,3,13243837
36,39,6,13244288
20,22,3,13244574
21,22,0,13245383
31,21,0,13246704
29,24,7,13246792
26,28,7,13246965
36,30,4,13246997
36,29,7,13247001
31,20,3,13248930
19,25,3,13248933
21,23,0,13249024
23,21,0,13249030
21,25,1,13249384
38,40,4,13249414
38,38,7,13249418
32,20,0,13249604
21,22,3,13249654
23,20,3,13249655
24,23,0,13263270
24,22,3,13264359
25,23,0,13270865
25,23,3,13274530
26,23,0,13277141
27,22,3,13278521
27,23,0,13281268
21,29,6,13935379
19,27,5,13963683
17,30,4,13995132
15,30,4,14025879
14,29,5,14057664
16,31,6,14061891
15,34,6,14084015
16,35,6,14085641
11,33,6,14093629
8,34,5,14109352
10,36,5,14111150
9,35,5,14111388
8,42,0,14115229
6,38,4,14117635
10,36,6,14119292
5,42,6,14120531
9,37,5,14121658
4,44,5,14123766
4,44,6,14124145
6,44,0,14124155
6,43,0,14125290
10,41,6,14139769
9,40,6,14140599
6,41,6,14144127
4,39,6,14144143
5,48,0,14144823
6,48,0,14146205
9,45,0,14146225
7,40,5,14147437
3,47,3,14147904
9,46,0,14147953
7,41,0,14149577
8,42,5,14149818
7,42,6,14150998
5,49,0,14152836
3,49,0,14153035
4,40,3,14153084
54,36,6,14153409
7,48,0,14153908
5,40,5,14154208
7,42,0,14155756
55,37,2,14156255
5,50,0,14156510
6,48,3,14156519
4,49,3,14156535
3,44,5,14167413
4,54,2,14171126
5,46,5,14174816
3,46,6,14175965
3,47,5,14176042
1,45,5,14176044
4,47,5,14177068
5,55,2,14177689
4,47,0,14180545
5,47,5,14181556
2,47,6,14181703
5,46,3,14181877
4,48,5,14182696
3,47,3,14182702
4,48,0,14185421
2,49,0,14186008
3,49,6,14186376
6,50,5,14186446
3,48,3,14186970
38,37,0,14187384
2,54,0,14206823
1,54,5,14207012
2,55,5,14210217
50,20,0,14650643
16,61,7,15800432
19,60,4,15801336
15,61,7,15802941
18,60,7,15803156
18,59,7,15804437
17,60,4,15805018
18,60,4,15806042
19,58,7,15807125
21,58,4,15807673
15,60,7,15809034
17,59,7,15809168
16,60,4,15810443
25,51,1,15838523
24,48,4,15861852
22,48,7,15866916
23,45,2,15875224
20,48,4,15895163
28,38,1,15915317
26,40,4,15922088
29,38,2,15926824
27,37,1,15928397
28,38,4,15929741
28,38,7,15930724
23,40,4,15934962
29,37,4,15936284
29,38,1,15936861
27,36,2,15937299
24,37,7,15945834
29,34,1,15953597
28,34,1,15955046
24,37,4,15955699
30,35,2,15958057
29,36,2,15960153
27,34,2,15960158
40,37,1,15963605
30,34,4,15963683
27,33,1,15963794
23,37,4,15965419
24,34,4,15985847
23,33,7,15992440
22,35,4,15992456
25,33,4,15995191
31,31,2,15997624
29,32,4,15998121
32,28,1,16017072
33,28,2,16023623
27,29,7,16028227
31,27,1,16029846
24,29,0,16108001
23,30,0,16110170
21,32,0,16111504
21,31,3,16113091
23,29,3,16113192
24,29,3,16122745
19,34,3,16122860
22,31,3,16122873
20,34,0,16123273
22,32,0,16123276
43,28,1,16839735
24,30,7,16869772
24,31,4,16874404
24,29,7,16899062
24,30,4,16903157
24,29,4,16930165
23,29,7,16930394
18,37,6,16935511
46,29,2,16937584
51,43,6,17088763
48,39,6,17116433
49,34,5,17125132
47,32,5,17125166
24,30,4,17412698
23,31,4,17414422
26,28,4,17414903
25,28,7,17415062
24,29,4,17416719
23,29,7,17416757
27,27,4,17417289
24,29,7,17417626
45,30,1,17417714
22,30,7,17418301
28,26,4,17418758
21,31,7,17419465
27,26,7,17419523
28,25,7,17419590
45,28,1,17419657
21,30,7,17420427
23,28,7,17420873
25,28,4,17420903
21,32,4,17420964
21,34,4,17421359
47,47,0,17421567
20,43,6,17421694
20,39,7,17421702
46,47,3,17421791
20,34,4,17421839
42,26,1,17422042
40,24,1,17422044
46,48,0,17422047
19,41,7,17422143
20,34,7,17422832
20,31,7,17422880
27,25,7,17422939
19,44,6,17423026
48,45,0,17423300
19,34,7,17423364
48,37,3,17423565
19,35,4,17423666
19,37,7,17423755
40,25,1,17423818
21,48,6,17423824
47,47,3,17423902
27,26,4,17424010
48,38,0,17424015
20,43,5,17424032
19,33,7,17424139
19,40,4,17424202
47,48,0,17424255
18,41,6,17424306
19,36,4,17424338
19,40,6,17424369
18,37,7,17424373
29,24,7,17424415
38,25,2,17424549
37,24,2,17424550
48,49,0,17424635
49,44,3,17424636
26,25,7,17424697
18,36,7,17424762
22,29,4,17425076
47,48,3,17425153
19,32,7,17425156
18,41,5,17425285
30,24,4,17425730
18,41,4,17425764
29,24,4,17425767
19,40,5,17425890
50,44,0,17426081
18,43,6,17426264
17,40,7,17426266
30,23,7,17426280
18,41,7,17426288
18,35,7,17426415
49,48,0,17426433
38,23,2,17426660
50,43,0,17426678
18,39,4,17426689
49,45,3,17426831
34,23,2,17427118
49,36,0,17427186
16,41,7,17427286
51,43,0,17427433
18,37,6,17427440
18,36,4,17427568
28,24,4,17427633
30,23,4,17428204
29,23,7,17428249
17,40,6,17428320
23,27,4,17428526
35,23,4,17428547
36,23,2,17428629
17,35,7,17428632
28,23,7,17428882
19,33,5,17428896
51,41,3,17429261
52,40,3,17429311
50,50,0,17429340
15,42,6,17429366
17,38,4,17429413
49,51,0,17429450
39,42,6,17429867
31,24,4,17430066
49,32,0,17430097
51,34,3,17430105
51,43,3,17430120
51,42,0,17430832
16,39,5,17434040
32,23,7,17434542
36,23,1,17434551
34,23,1,17434649
52,33,3,17435267
26,24,7,17435361
39,24,2,17435630
37,24,4,17435638
18,52,2,17436017
33,23,7,17436130
35,23,1,17436248
33,21,1,17436249
37,22,2,17436526
38,24,4,17436708
48,53,1,17436735
30,22,7,17436771
22,26,7,17436896
17,48,1,17437157
39,23,1,17437259
51,35,0,17437542
51,35,1,17437662
29,24,2,17437750
47,52,1,17439989
48,50,4,17443900
46,50,2,17445052
46,49,1,17445138
47,48,6,17445143
46,49,2,17445149
46,46,1,17445304
47,49,7,17445308
48,49,6,17445590
46,50,7,17445860
47,49,4,17446436
49,47,4,17446439
48,47,7,17446440
20,44,3,17446944
46,44,1,17447036
47,45,3,17447818
46,50,4,17448085
22,49,1,17448363
22,45,7,17448617
21,43,3,17449499
45,37,2,17449777
20,35,7,17450545
44,44,2,17450816
44,46,5,17451329
48,36,4,17451430
44,40,2,17452440
48,32,2,17452993
46,30,1,17452995
47,39,4,17453627
27,38,5,17454415
44,33,4,17454714
40,39,5,17456203
40,36,3,17456224
47,30,4,17456603
46,29,7,17456678
39,34,6,17456792
45,31,7,17456956
38,37,5,17457285
30,36,1,17458160
46,29,4,17458170
29,41,0,17458407
30,40,0,17458538
38,40,6,17460159
45,31,4,17460497
45,28,2,17461153
35,36,1,17461645
21,31,2,17462529
39,41,6,17463722
32,37,3,17463770
45,26,6,17465098
43,30,4,17465892
20,29,0,17465960
37,35,4,17466312
23,32,3,17467036
27,31,1,17467112
36,34,7,17467298
38,32,7,17468115
33,36,2,17468400
40,42,6,17468862
24,26,0,17488704
25,26,0,17491907
27,24,0,17491946
25,25,3,17495857
30,23,0,17518039
28,24,3,17518570
31,23,0,17528116
29,24,3,17528320
17,29,6,18248203
8,30,6,18418848
7,29,5,18427687
5,27,5,18431038
6,30,6,18434268
4,28,6,18435714
59,10,6,18524645
58,18,5,20994224
8,61,2,21101704
14,60,1,21104450
7,60,2,21105468
5,62,1,21105946
13,60,2,21106142
9,61,7,21106769
14,61,1,21107304
10,60,4,21107870
8,61,4,21108284
14,60,2,21108796
11,59,7,21109259
8,60,2,21109318
10,60,1,21109322
6,59,1,21109468
9,60,7,21109542
6,60,1,21109706
8,59,7,21110100
6,59,2,21110237
10,59,1,21110245
13,59,7,21110438
6,60,7,21110772
10,59,4,21111017
10,59,2,21111441
9,60,1,21111777
11,59,4,21112003
12,60,4,21112017
8,59,4,21112072
8,60,1,21112418
15,59,2,21112574
14,59,7,21112658
9,60,2,21112748
12,58,7,21113368
11,58,7,21113585
7,58,7,21114085
9,58,1,21114095
14,60,4,21114187
12,58,2,21114511
13,57,1,21114521
18,60,1,21114782
11,58,4,21114960
12,59,2,21114965
8,58,2,21115215
10,57,7,21115514
12,58,4,21115524
17,59,1,21115682
16,59,1,21115714
12,59,4,21116307
14,59,2,21116345
12,56,1,21116449
16,59,4,21116473
16,58,2,21116684
7,58,1,21116704
15,57,1,21116783
7,58,2,21117149
12,57,7,21117311
10,57,1,21117422
12,57,4,21118296
14,56,1,21118620
7,58,4,21118866
8,58,4,21119142
15,57,2,21119678
16,58,4,21119816
2,58,2,21120142
11,56,7,21120869
14,58,4,21121709
7,56,7,21122055
10,56,4,21122207
21,56,1,21140023
12,50,1,21140173
12,50,2,21142074
11,49,1,21142121
10,51,2,21142337
19,53,2,21144067
12,49,1,21145244
20,54,2,21145559
11,51,4,21145701
11,49,2,21145772
11,51,2,21146596
16,51,2,21146797
13,50,1,21148022
10,48,1,21148658
12,49,7,21148980
13,49,7,21149373
11,48,2,21150978
3,51,7,21151141
14,50,2,21151726
6,49,7,21152649
16,49,1,21153000
11,48,7,21153123
12,48,1,21153129
11,47,2,21153794
11,49,1,21153925
11,53,4,21155766
5,50,4,21156507
3,51,4,21156523
3,48,7,21168271
19,47,2,21168522
5,46,7,21170213
15,45,2,21170287
14,44,2,21171962
13,43,1,21171993
13,44,7,21172440
14,43,1,21172445
6,46,4,21174501
17,45,2,21176504
16,44,7,21177048
18,44,1,21177058
5,45,7,21177236
19,44,1,21177388
13,42,1,21177401
8,44,4,21177942
18,43,1,21177997
17,42,1,21179216
21,46,1,21179667
15,42,2,21180066
13,44,2,21180566
19,44,2,21181641
12,46,1,21181724
20,45,2,21181848
15,43,1,21182665
15,43,2,21183577
10,54,4,21183864
22,45,1,21184873
8,43,7,21184884
12,59,3,21185318
12,46,7,21185769
16,41,1,21185990
11,42,2,21186156
15,43,4,21186602
20,43,1,21186766
8,44,1,21187386
5,43,4,21198845
6,41,7,21199454
19,41,2,21200823
6,42,4,21201202
7,40,7,21202522
4,43,4,21202643
9,40,4,21203420
8,40,4,21203659
5,41,7,21206884
9,39,4,21207595
19,39,2,21208426
8,39,7,21210018
8,51,4,21210668
10,49,4,21210670
5,41,4,21212209
4,41,7,21212942
8,38,7,21213082
16,54,0,21214339
8,49,7,21214391
7,39,4,21215197
8,38,4,21216227
19,50,2,21218202
17,53,0,21219177
6,38,7,21229657
5,39,7,21230255
4,43,7,21237771
3,43,3,21238518
22,53,3,21238663
9,46,7,21238824
21,48,2,21278661
28,31,1,21279429
18,25,2,21302613
19,25,1,21304616
19,25,2,21309504
15,33,5,21311497
28,25,1,21326634
18,42,3,21461813
24,24,3,21464067
15,28,0,21512841
16,27,3,21529080
22,44,1,21589387
42,30,5,21874288
24,30,4,21991921
23,30,4,22023739
23,29,7,22023742
22,29,7,22238707
23,29,4,22239049
22,30,4,22246482
21,30,7,22427017
22,28,7,22436217
20,29,7,22703590
20,30,4,22708490
19,30,7,22708517
19,29,7,22734829
21,28,4,22736102
22,27,4,22747210
18,31,0,22832880
20,29,0,22832897
20,28,3,22835184
24,27,0,22861922
22,29,0,22862169
20,30,3,22863094
23,27,3,22863129
55,4,6,22993956
22,31,4,23234275
21,31,4,23279489
24,29,4,23583276
22,31,4,23584044
29,28,3,23584866
21,31,7,23586646
23,29,7,23587767
21,32,7,23589113
25,28,4,23589300
21,32,4,23589745
21,41,6,23590635
21,31,4,23592340
20,34,4,23592636
26,27,4,23593571
18,32,7,23600563
18,32,4,23603913
17,33,7,23603983
18,31,7,23605062
20,30,7,23605315
17,33,4,23605906
17,31,7,23605962
19,30,4,23606504
16,38,7,23606632
22,28,7,23607303
16,33,7,23607425
17,32,7,23607431
17,32,4,23607746
23,45,1,23608066
19,29,4,23608288
17,34,4,23608678
17,32,5,23608796
16,41,4,23608842
18,29,7,23609303
16,41,6,23609372
17,31,4,23609390
16,42,6,23609645
16,31,7,23610253
15,33,7,23610373
17,29,7,23610476
20,30,4,23610621
16,40,4,23610912
19,28,4,23610927
16,40,5,23610967
16,35,4,23611271
15,35,4,23611807
15,42,4,23612029
15,40,7,23612030
20,27,4,23612115
16,30,7,23612147
15,34,4,23612229
15,36,7,23612268
15,32,7,23612324
17,30,4,23612471
15,41,5,23612839
15,31,7,23613095
15,33,4,23613138
15,37,5,23613550
16,31,5,23613788
19,49,6,23613810
14,34,4,23613822
13,38,7,23613930
15,46,5,23614017
17,29,4,23614086
16,29,7,23614093
13,41,7,23614210
18,49,5,23614234
29,25,7,23614454
16,30,4,23614532
13,39,6,23614567
14,36,7,23614569
16,48,6,23615065
26,25,7,23615082
14,48,3,23615106
13,34,5,23615121
15,31,4,23615163
13,37,5,23615437
14,33,4,23615490
13,43,5,23615820
12,34,5,23615949
14,31,7,23615979
18,26,7,23616008
23,50,0,23616091
30,24,7,23616101
13,33,7,23616126
14,32,4,23616208
15,29,7,23616251
14,43,4,23616492
14,42,7,23616495
24,49,0,23616532
13,44,5,23616627
13,43,4,23616632
15,30,4,23616704
13,42,7,23617175
13,46,6,23617351
11,44,6,23617358
12,35,7,23617452
12,44,6,23617478
12,42,5,23617491
18,27,4,23617639
13,39,5,23617653
12,37,4,23617656
13,40,5,23617745
28,27,5,23617938
14,31,4,23617961
12,38,7,23618047
13,31,7,23618049
12,39,7,23618117
24,24,7,23618250
11,38,7,23618280
12,36,6,23618327
12,44,4,23618349
15,28,7,23618463
13,32,4,23618480
14,38,4,23618502
14,49,5,23618512
13,49,3,23618516
13,35,6,23618622
12,39,5,23618759
10,38,6,23618783
18,50,5,23618824
13,33,4,23618832
16,51,5,23618841
21,52,0,23618935
11,40,5,23619032
16,28,4,23619042
11,34,7,23619223
10,42,6,23619379
29,25,4,23619418
17,26,7,23619512
21,25,7,23619633
13,49,6,23619807
13,34,6,23619814
11,32,6,23619815
14,51,6,23619824
11,35,7,23619833
11,37,4,23619923
10,40,5,23619979
10,37,5,23620004
12,42,7,23620010
10,39,7,23620014
11,40,6,23620111
10,38,7,23620120
9,41,6,23620157
15,38,5,23620178
12,33,4,23620232
12,41,4,23620297
18,28,1,23620310
17,27,1,23620316
12,36,5,23620437
24,25,4,23620485
13,29,7,23620515
12,32,4,23620659
13,51,6,23620682
27,26,7,23620701
12,47,5,23620756
10,37,7,23620828
18,53,6,23620874
13,30,4,23620929
19,26,4,23621002
9,38,5,23621013
22,25,4,23621048
24,24,4,23621115
15,27,7,23621170
15,26,1,23621174
11,37,6,23621254
27,27,4,23621335
20,52,3,23621337
9,43,6,23621348
10,40,7,23621358
11,32,7,23621378
11,38,6,23621423
10,35,7,23621432
10,41,4,23621467
9,42,6,23621469
9,40,7,23621473
38,27,2,23621485
10,41,7,23621558
16,27,4,23621600
10,34,7,23621667
20,54,0,23621703
12,30,7,23621749
9,36,5,23621850
16,26,7,23621943
11,37,5,23622049
18,24,7,23622100
8,40,6,23622181
10,42,5,23622300
25,46,3,23622366
27,44,3,23622367
10,40,4,23622383
27,26,4,23622463
9,38,7,23622519
25,24,4,23622544
13,28,7,23622585
10,34,6,23622692
8,36,6,23622696
9,35,7,23622699
14,28,4,23622721
9,40,4,23622733
20,53,3,23622819
8,40,7,23622834
13,51,5,23622842
17,26,4,23622872
9,39,4,23622900
11,47,7,23622930
10,34,4,23622944
10,44,5,23622957
11,50,5,23623064
11,30,7,23623073
11,51,6,23623086
9,38,4,23623179
10,36,4,23623247
10,38,5,23623295
9,36,4,23623301
15,27,4,23623388
8,43,7,23623461
23,24,7,23623469
18,25,4,23623543
10,33,4,23623568
9,33,7,23623572
9,42,4,23623668
15,26,7,23623673
10,31,7,23623771
8,42,5,23623840
8,36,7,23623892
26,28,4,23623979
9,40,6,23624136
10,33,5,23624348
20,55,0,23624381
8,37,7,23624407
9,39,6,23624413
7,40,7,23624498
9,40,5,23624515
7,38,5,23624516
17,25,1,23624593
16,25,7,23624594
20,56,5,23624623
8,40,5,23624639
29,23,7,23624656
26,25,5,23624664
13,27,7,23624764
14,29,6,23624817
12,29,4,23624822
14,27,4,23624824
6,40,6,23624868
9,37,5,23624934
7,38,7,23624998
7,40,6,23625009
8,38,4,23625154
8,37,4,23625206
44,38,5,23639173
6,39,0,23640637
17,56,1,23641171
19,57,2,23641320
43,44,6,23641351
44,44,2,23641458
43,43,2,23641498
10,49,1,23642477
6,38,1,23642600
8,36,3,23643542
7,38,3,23643596
45,41,4,23643907
43,41,6,23644813
9,34,0,23645154
44,40,7,23645526
43,42,6,23645536
41,42,2,23645544
41,29,5,23645992
41,30,7,23646159
14,52,1,23646533
38,26,5,23646662
41,35,6,23646939
12,50,2,23646984
8,35,3,23647234
21,51,3,23647310
11,49,2,23647487
14,53,0,23647494
18,55,4,23647604
7,40,0,23647730
39,37,6,23647796
9,42,0,23648014
24,43,4,23648099
23,41,5,23648232
10,44,0,23648514
9,45,3,23648520
23,44,4,23648535
43,40,4,23648658
41,40,7,23648741
17,47,3,23648956
9,42,3,23649311
19,43,2,23649412
8,37,0,23649480
7,40,3,23649484
9,35,3,23649877
12,45,4,23649900
10,33,0,23650039
21,54,7,23650233
12,51,0,23650364
13,47,3,23650444
11,29,3,23650476
21,45,2,23650648
9,36,0,23650890
25,46,5,23651067
11,30,0,23651196
8,40,3,23651245
7,41,0,23651246
14,27,0,23651489
15,26,0,23651748
15,46,7,23651781
10,33,3,23652095
12,28,3,23652141
8,38,3,23652330
8,38,0,23652449
10,41,3,23652495
13,27,3,23652655
23,48,0,23652917
9,37,3,23652985
12,43,7,23653059
26,41,2,23653111
9,39,0,23653346
21,37,7,23653400
11,32,3,23653783
30,31,5,23654018
18,24,0,23654422
37,29,4,23654553
36,26,5,23654652
20,22,5,23654718
10,38,3,23654810
10,36,3,23654954
20,42,1,23654991
20,37,0,23654992
9,38,3,23655260
15,26,3,23655605
15,27,0,23655696
14,27,3,23655784
13,28,3,23655967
20,36,7,23656065
26,41,4,23656147
10,38,0,23656163
25,44,0,23656195
21,35,7,23656242
13,29,0,23656518
16,27,0,23661923
14,29,0,23661941
16,26,3,23662201
13,31,0,23664164
15,29,0,23664172
17,27,0,23664193
15,28,3,23664319
19,25,0,23665105
14,29,3,23665138
18,25,3,23665139
14,30,3,23668112
16,29,0,23668982
16,28,3,23668985
18,27,0,23669046
18,26,3,23669195
19,26,0,23669465
23,29,3,23671505
15,31,0,23672576
14,32,0,23672717
14,31,3,23673294
16,29,3,23674173
21,25,0,23674556
17,28,3,23675028
17,29,0,23675389
20,26,0,23675391
19,27,0,23675903
18,27,3,23675904
20,25,3,23675918
15,31,3,23679966
17,30,0,23680435
18,29,0,23681523
22,24,3,23681532
25,27,1,23681782
20,27,0,23681979
17,31,0,23682265
19,27,3,23682318
22,30,3,23683290
37,41,6,23684694
35,39,6,23684703
18,29,3,23687080
19,28,3,23687093
18,30,0,23687732
24,37,2,24838479
28,35,5,24842829
22,36,6,24871002
26,42,3,24872475
25,43,6,24873147
20,34,5,24873418
43,17,1,24903473
23,47,6,24904027
25,42,5,24926786
17,38,3,24937178
53,39,3,24961901
22,58,0,24998148
22,60,0,25021038
19,58,5,25053558
19,59,0,25057227
20,58,3,25058879
20,60,0,25059953
19,60,0,25061798
56,36,2,26809172
22,60,4,26831360
21,60,4,26832521
20,60,7,26833829
16,61,7,26834476
22,59,4,26835294
20,60,4,26835297
17,61,4,26835341
19,60,4,26836794
16,60,7,26838304
15,60,7,26838690
19,59,4,26840621
16,60,4,26840670
20,59,1,26841643
17,59,4,26841704
17,58,7,26842092
15,60,4,26842218
13,61,7,26842655
14,56,7,26862878
14,57,4,26863910
14,55,1,26864381
13,58,4,26864773
14,56,4,26868535
16,54,4,26868560
19,50,1,26868766
16,53,7,26868799
17,52,7,26870753
23,45,2,26897937
25,44,4,26906322
26,41,4,26926741
26,40,4,26927304
24,41,4,26929257
26,40,7,26929386
27,39,4,26929681
26,39,7,26929686
23,53,4,26929851
14,55,3,26930656
20,42,4,26930972
23,53,7,26931487
24,40,7,26932280
17,44,7,26932421
28,39,4,26933494
21,55,4,26934345
28,38,7,26936062
22,40,7,26937142
22,40,4,26937328
22,38,7,26956535
23,38,4,26958429
24,36,7,26962094
28,36,7,26966341
25,37,4,26966669
26,36,7,26968233
24,35,1,26968652
28,33,0,27177713
27,34,0,27179970
27,34,3,27210291
28,34,0,27213887
45,29,1,27274798
46,30,1,27275132
44,28,2,27279405
46,29,2,27292782
49,31,2,27299490
47,29,2,27299492
44,27,2,27310031
29,31,7,27558029
31,29,4,27582154
29,31,4,27585868
30,29,7,27586365
29,30,7,27589924
46,27,2,27592678
48,27,1,27592686
46,26,2,27618799
44,24,2,27618815
46,25,1,27622974
48,28,5,27932995
49,29,5,27933943
60,6,6,27965153
29,28,7,28156295
47,27,2,28179876
47,28,5,28303190
46,27,1,28428450
47,44,0,28432566
46,45,0,28433855
46,44,3,28433857
48,43,3,28434996
47,45,0,28435579
46,46,0,28436298
48,28,2,28436821
30,28,4,28446332
32,26,4,28447450
28,29,7,28447851
31,26,7,28447853
27,30,7,28448864
49,25,2,28449391
43,23,2,28450311
33,24,7,28450883
47,23,2,28451274
30,27,4,28451409
28,28,7,28451435
30,26,7,28451436
46,22,1,28451487
27,31,7,28451957
27,29,7,28452267
32,25,4,28452335
48,23,1,28452675
47,24,2,28452797
45,22,2,28452799
42,23,4,28453291
35,24,4,28453314
32,24,7,28453715
49,24,2,28453989
47,22,2,28453990
46,21,2,28454605
46,21,1,28454611
25,33,7,28454962
45,22,7,28454980
33,24,4,28455349
34,23,7,28455477
37,22,4,28455495
24,36,5,28455606
25,36,5,28455621
26,42,5,28455637
26,38,4,28455741
25,43,5,28455750
24,42,5,28455751
54,53,0,28456064
44,23,4,28456134
51,55,5,28456137
29,27,4,28456613
46,22,2,28456728
43,22,7,28456835
37,23,4,28456968
24,40,7,28456971
45,20,1,28457015
25,43,6,28457129
25,40,7,28457138
24,38,7,28457192
35,22,7,28457324
47,21,2,28457400
30,26,4,28457492
31,23,5,28457955
46,21,7,28457964
56,24,1,28458983
53,22,2,28459054
42,21,7,28459317
38,23,2,28459357
40,26,0,28459605
45,20,2,28460004
34,24,4,28460304
47,56,2,28460370
52,56,5,28460392
58,24,1,28460588
26,32,4,28460648
25,35,4,28460785
27,33,4,28460787
57,23,2,28460940
25,34,7,28461236
56,22,1,28461308
25,37,5,28461324
57,22,1,28461499
23,34,5,28461517
26,33,4,28461547
24,34,7,28461550
26,31,2,28461561
26,36,7,28461702
26,43,5,28462612
25,30,2,28462859
58,23,2,28462954
24,40,2,28463001
25,43,7,28463177
27,28,7,28463241
55,22,2,28463299
26,41,0,28463356
28,28,3,28463378
50,12,0,28463534
26,45,1,28463836
30,25,5,28463939
32,24,4,28463948
26,33,3,28463987
25,41,2,28464038
56,22,2,28464084
28,31,3,28464164
57,22,2,28464701
30,27,2,28464801
52,21,2,28464855
48,20,7,28464958
51,20,7,28465052
58,23,1,28465075
31,25,3,28465186
27,28,3,28465342
31,24,3,28465347
30,27,0,28465349
43,21,7,28465402
45,20,7,28465804
25,40,3,28465830
27,42,1,28465921
33,24,0,28465935
27,33,3,28466367
28,32,3,28466438
28,41,6,28467306
32,24,3,28468028
26,38,3,28468791
59,55,4,28477373
50,15,7,28480472
28,29,3,28480774
30,27,3,28481014
27,37,1,28481175
30,28,0,28481569
32,25,3,28481673
31,27,0,28481920
34,24,0,28481922
28,35,0,28482206
26,36,3,28482413
31,26,3,28483310
31,27,2,28483455
44,23,2,28483629
36,21,3,28484234
54,56,0,28484767
60,25,2,28485324
31,28,0,28485529
33,26,0,28485902
30,28,2,28485939
32,26,3,28486230
32,33,2,28486266
34,25,0,28486405
29,36,3,28486431
36,23,0,28486589
34,24,3,28486719
45,24,0,28486785
32,36,0,28486991
44,21,5,28487014
31,28,2,28487025
31,34,3,28487095
46,23,0,28487326
48,40,1,28487390
33,26,3,28487672
37,22,3,28487926
35,25,0,28488031
38,22,0,28488033
35,24,3,28488119
31,29,2,28488258
49,54,2,28488300
47,39,1,28488564
51,50,4,28488761
36,25,0,28488981
33,30,0,28488999
36,24,3,28489039
50,7,3,28489264
39,21,3,28489362
37,24,0,28489463
48,53,2,28489642
45,41,7,28489822
42,19,5,28489850
51,14,7,28490455
42,36,2,28490698
49,41,1,28490764
41,21,0,28491205
38,23,3,28491207
40,21,3,28491219
39,23,0,28491308
40,22,5,28491420
39,34,7,28491432
54,55,4,28491595
52,49,7,28491644
45,23,2,28491668
60,53,7,28491733
38,24,0,28491970
59,54,4,28492224
54,54,4,28492443
52,52,1,28493388
61,6,1,28493706
44,22,2,28493724
42,38,1,28494352
59,51,2,28495211
44,44,4,28495877
55,50,7,28495941
61,5,7,28495989
42,22,2,28496246
33,30,3,28496987
61,4,6,28497058
58,23,0,28497639
50,11,6,28497743
47,23,3,28498041
61,27,3,28498272
61,50,4,28498285
43,22,2,28498327
57,45,6,28498620
59,25,6,28498716
56,44,1,28498736
60,26,6,28498775
39,37,4,28498910
58,24,6,28498911
56,21,0,28499130
60,49,6,28499144
50,10,7,28499187
61,25,0,28499255
61,26,6,28499463
49,40,4,28499515
46,24,6,28499545
62,26,5,28499564
61,49,5,28499736
51,12,6,28499934
56,23,3,28500006
33,37,5,28500110
57,24,0,28500137
34,27,2,28500160
62,27,4,28500217
51,10,3,28500263
53,20,0,28500336
31,29,1,28500755
62,39,6,28506769
60,35,7,28508571
32,30,6,28512284
33,29,5,28512287
32,31,3,28513240
50,36,2,28515071
52,34,2,28517163
57,38,7,28517220
39,24,0,28517764
57,25,3,28519685
45,25,0,28522202
57,27,5,28522383
58,28,5,28522591
54,24,5,28522595
44,27,2,28522867
54,32,2,28523007
56,25,3,28523453
51,37,2,28524785
39,23,3,28524814
52,24,5,28525190
36,27,0,28525224
52,34,4,28525447
54,32,4,28525449
34,30,5,28525597
54,30,6,28525793
33,32,3,28525890
52,25,5,28526458
53,29,6,28527027
55,29,5,28527034
51,33,1,28527308
33,31,6,28527319
34,30,3,28527388
36,26,0,28528111
34,31,0,28528480
51,33,2,28528908
34,27,7,28529045
36,25,7,28529050
61,5,2,28529442
52,12,5,28529622
35,27,5,28529713
33,30,7,28529919
47,24,0,28529949
35,27,0,28530164
52,28,6,28530281
51,24,0,28530660
57,28,3,28530893
60,6,2,28530921
46,29,1,28530993
49,31,4,28530996
35,26,3,28539775
33,31,0,28541382
51,12,2,28558947
34,32,0,28561471
26,30,5,29739493
50,18,3,29980286
21,37,5,29990197
20,40,6,30026977
59,40,3,30029101
15,41,6,30052057
17,47,3,30059830
17,49,3,30078302
15,51,3,30086885
16,49,5,30117698
16,53,6,30145206
11,52,6,30152830
10,61,5,30156012
15,56,5,30179780
12,59,6,30206567
10,60,6,30208466
8,58,3,30212017
13,61,5,30216496
10,58,5,30216511
53,20,1,31173766
55,25,2,31218303
20,61,1,32529330
22,57,1,32544271
21,58,2,32544718
21,58,1,32545713
23,58,1,32546966
19,56,2,32550012
22,57,4,32550111
20,57,7,32552218
20,55,1,32552461
18,57,2,32553255
22,55,7,32555736
15,57,7,32556392
17,56,1,32560070
14,56,7,32572380
15,55,4,32578428
17,52,7,32582997
15,52,5,32587122
15,53,7,32588203
16,52,7,32588752
16,53,4,32592298
18,48,7,32609095
13,58,3,32614380
22,46,7,32616847
23,55,3,32622875
18,58,7,32623002
23,45,7,32624766
27,42,1,32639253
27,40,1,32655152
29,39,2,32679218
29,38,1,32687529
34,37,2,32707247
28,34,2,32715081
33,35,2,32716940
35,35,2,32730606
34,34,2,32733876
33,33,2,32734095
35,35,1,32734099
34,33,1,32737354
33,34,2,32739222
35,34,1,32739226
28,32,1,32745695
23,25,7,33279754
24,24,0,33559990
47,26,5,33592821
25,23,3,33612263
44,25,6,33615274
44,26,6,33644788
26,23,3,33649474
59,3,0,33775915
48,8,3,33776442
49,9,1,33780395
58,5,0,33781678
60,3,0,33781692
24,27,4,33791327
41,24,2,33791916
26,24,4,33794432
35,21,2,33794893
25,25,4,33794918
24,25,7,33794919
26,23,7,33795295
37,21,1,33797199
25,24,4,33797594
24,24,7,33797596
39,22,2,33797773
22,29,7,33797868
42,23,1,33798000
27,22,4,33798170
29,21,4,33798640
26,22,7,33798679
30,21,4,33798739
36,20,2,33798823
24,23,7,33800020
25,23,4,33800031
41,22,2,33800069
22,27,4,33800579
35,19,1,33800795
31,19,7,33800962
22,29,4,33801305
28,20,7,33801309
23,28,6,33801388
32,19,4,33801489
32,18,2,33801495
21,28,7,33801750
21,30,7,33802116
23,28,5,33802165
26,21,7,33802229
23,24,4,33802237
24,23,4,33802242
22,25,7,33802526
35,19,2,33802539
32,20,4,33803225
32,18,7,33803232
23,23,7,33803567
41,21,2,33803599
35,21,1,33803822
33,19,1,33803823
24,22,7,33804021
23,22,7,33804313
45,27,3,33804428
36,20,4,33804492
37,20,7,33804521
34,18,1,33804635
22,25,5,33804637
39,20,2,33804687
41,20,2,33804900
21,32,4,33804903
35,18,1,33805052
34,19,2,33805062
22,39,6,33805238
22,23,7,33805265
37,20,4,33805516
21,25,7,33805551
20,33,6,33806023
20,29,7,33806082
21,26,6,33806109
21,28,4,33806232
20,27,4,33806243
21,24,7,33806249
34,18,2,33806288
35,20,4,33806592
30,19,4,33806653
34,19,4,33806732
36,19,7,33806835
21,38,6,33806926
21,25,4,33807215
46,26,3,33807241
33,17,1,33807384
38,18,7,33807476
40,19,4,33807519
34,20,7,33807672
36,18,1,33807991
21,36,6,33807993
20,36,6,33808021
19,26,7,33808211
38,18,4,33808368
21,37,6,33808395
33,17,7,33808758
34,17,1,33808770
20,30,5,33808902
35,18,7,33808920
39,18,7,33809035
40,19,2,33809099
42,21,4,33809369
35,19,4,33809391
33,17,4,33809404
22,21,7,33809549
36,18,7,33809830
22,22,4,33809975
36,17,4,33810104
34,19,7,33810267
19,30,7,33810343
18,28,5,33810453
36,16,2,33810626
40,18,4,33810709
21,38,5,33810753
21,23,4,33810854
38,17,2,33810863
24,19,7,33811020
38,17,4,33811158
35,17,1,33811242
32,16,2,33811304
39,17,7,33811318
35,16,7,33811331
31,17,4,33811455
27,19,1,33811490
37,17,1,33811597
34,16,4,33811740
39,17,1,33811820
19,32,7,33811944
32,16,1,33811983
32,17,2,33812112
45,41,0,33812242
46,40,0,33812316
47,28,3,33812371
41,18,4,33812384
32,17,4,33812490
40,17,7,33812554
20,25,5,33812585
19,26,4,33812618
36,16,4,33812845
49,9,0,33812930
19,32,4,33812984
47,22,2,33813042
45,20,2,33813044
37,16,2,33813243
14,25,2,33819304
39,13,2,33819374
17,24,4,33819972
15,26,4,33820580
39,14,7,33820592
31,13,7,33820795
36,12,7,33820960
33,13,4,33821042
15,26,2,33821174
48,18,2,33821274
35,13,4,33821278
15,26,7,33821282
14,27,7,33821541
18,19,4,33821653
41,13,2,33821741
33,15,7,33822162
32,12,4,33822376
38,11,2,33822562
26,13,4,33822810
37,11,7,33823801
33,14,7,33824196
33,13,7,33824791
33,15,4,33825181
37,11,2,33825217
39,10,1,33826303
21,47,0,33827551
23,45,0,33827554
50,41,6,33828199
53,36,5,33828498
19,43,2,33828598
47,45,5,33829214
46,45,3,33829725
18,44,3,33830020
20,42,3,33830033
23,47,6,33830436
21,45,6,33830442
17,39,7,33830648
20,42,0,33830653
20,44,2,33831126
17,41,2,33831128
49,40,6,33831158
48,43,4,33831166
17,38,6,33831249
47,44,4,33831538
46,43,0,33832054
45,45,6,33832135
20,14,7,33832241
16,18,2,33832571
32,15,6,33833721
35,12,1,33834255
51,42,5,33834330
49,40,5,33834335
46,15,2,33834358
18,16,2,33834406
36,10,5,33834516
51,34,5,33834903
53,30,5,33835049
15,30,4,33835351
24,11,5,33835378
30,13,1,33835387
31,14,7,33835402
46,44,6,33835605
31,10,6,33835630
27,13,2,33835812
34,13,0,33835853
36,11,0,33835866
48,40,7,33836722
47,41,7,33836830
50,38,7,33836833
52,34,1,33836941
62,3,4,33837294
45,42,2,33837442
21,41,3,33837911
33,33,0,33838256
59,2,2,33838348
13,32,2,33838591
50,35,6,33838696
16,29,1,33839150
51,36,4,33839326
48,42,5,33839405
44,41,2,33839880
47,42,1,33840010
50,26,2,33840062
46,40,5,33840071
37,35,6,33840115
16,34,2,33840177
50,34,2,33840332
12,28,2,33840596
53,25,5,33840636
35,33,6,33840683
51,28,6,33840832
51,23,5,33840854
30,14,7,33840964
51,24,6,33841120
48,37,7,33841400
30,13,6,33841497
51,32,5,33841546
23,42,3,33841582
25,40,3,33841585
48,39,6,33841784
51,32,0,33841977
24,44,3,33842024
13,26,2,33842232
39,37,6,33842415
50,28,7,33842689
32,14,6,33842784
30,12,6,33842787
46,34,6,33842963
48,34,7,33842967
33,12,2,33843005
31,14,5,33843006
50,21,5,33843018
48,33,7,33843020
23,44,6,33843150
24,39,5,33843342
23,40,1,33843351
16,31,1,33843365
30,12,5,33843508
19,40,6,33843576
49,33,1,33843709
48,33,4,33843830
50,31,4,33843831
22,27,3,33856772
44,23,7,33857232
27,29,2,33857255
20,15,3,33857959
20,16,0,33857995
23,13,0,33857998
18,21,0,33859508
43,24,7,33859626
21,16,0,33860686
40,28,1,33861039
20,17,0,33861168
24,13,0,33861176
21,15,3,33861357
24,12,3,33861358
44,28,2,33861556
25,12,3,33862135
26,12,0,33862313
24,13,3,33862649
25,13,0,33862684
60,3,6,33862795
17,22,3,33863287
29,11,0,33863537
26,31,4,33863638
23,14,3,33863695
45,18,7,33863813
24,14,0,33863975
27,11,3,33864179
20,17,3,33864189
26,13,0,33864203
21,17,0,33864320
27,12,3,33864953
29,12,0,33865595
19,20,0,33865665
24,14,3,33867344
24,15,0,33867619
28,13,0,33868266
23,16,0,33868334
27,13,0,33868349
35,12,0,33868961
34,13,0,33869187
49,7,1,33870141
26,14,5,33870725
26,13,3,33870731
44,19,6,33871884
43,17,5,33871991
27,24,7,33872577
23,16,3,33872653
44,20,4,33872683
29,12,5,33874751
25,16,3,33886065
24,19,0,33887421
22,21,3,33888753
23,19,3,33889421
25,17,3,33889428
26,17,0,33890256
24,19,3,33892097
23,22,0,33892170
25,19,0,33892937
33,16,3,33892968
24,20,3,33893210
32,18,3,33894067
34,16,3,33894077
31,19,3,33898293
25,20,0,33900941
26,18,3,33902544
33,17,5,33902881
60,4,0,33903704
62,1,0,33904344
36,20,3,33906528
38,18,3,33906556
19,30,5,35589670
19,33,6,35618525
17,36,6,35618939
58,11,0,35655454
58,14,6,35680776
40,34,6,35686006
14,45,0,35743141
12,45,5,35743333
12,45,3,35748626
11,46,3,35750133
13,46,0,35750148
11,49,3,35776706
14,48,0,35777604
14,49,0,35778830
13,53,6,35799723
11,54,6,35806501
13,57,5,35806543
11,55,5,35806548
12,54,6,35806844
14,56,0,35806907
14,56,6,35808421
13,56,6,35809933
11,55,3,35810951
11,59,3,35839422
12,60,0,35839890
9,59,0,35841201
10,59,5,35841504
13,61,0,35842866
9,60,6,35843026
33,34,1,38461243
36,33,1,38488019
35,32,1,38488819
48,12,5,38733638
25,32,3,39092244
51,44,6,39497475
25,34,4,39699016
23,35,7,39699137
19,45,6,39700181
22,48,5,39700367
23,36,4,39700876
22,37,7,39700891
26,33,4,39701051
26,32,7,39701391
21,40,4,39701950
20,39,7,39703086
22,38,4,39703248
19,43,7,39703250
20,42,5,39703530
20,41,4,39703799
50,47,1,39703907
20,52,0,39703946
44,32,1,39704391
24,33,7,39704606
21,38,4,39704727
22,36,4,39705128
50,47,3,39705147
20,43,6,39705288
19,41,7,39705292
20,40,4,39705421
45,51,6,39705463
20,38,7,39705792
18,43,7,39705982
20,42,6,39706073
19,40,7,39706077
21,36,7,39706244
18,55,6,39706279
21,37,4,39706359
24,34,6,39706462
18,56,6,39706727
20,58,5,39707000
18,44,7,39707135
17,44,7,39707292
20,37,7,39707396
19,43,4,39707564
19,57,5,39708172
18,56,5,39708174
21,61,6,39708185
19,41,4,39708237
19,38,7,39708320
24,33,4,39708503
18,52,4,39708741
19,55,7,39708950
19,59,5,39709079
16,50,5,39709091
18,58,6,39709209
29,30,1,39710397
17,57,5,39710425
18,41,4,39711184
39,33,1,39711874
24,35,0,39712530
26,32,3,39712598
19,40,5,39713149
29,32,3,39714393
28,32,3,39714572
26,32,6,39714580
26,34,0,39715064
27,33,3,39715083
23,37,0,39715177
45,40,0,39715432
51,42,0,39715651
24,36,3,39717704
26,34,3,39717706
41,34,3,39717831
30,33,2,39718206
30,31,1,39718213
42,32,0,39718362
40,32,3,39718529
22,37,5,39719015
24,36,4,39722930
26,34,4,39722932
24,35,7,39723058
61,9,2,39723282
30,31,7,39723466
27,33,4,39723495
39,31,1,39723743
21,37,4,39724504
21,36,7,39724798
28,33,1,39725001
26,31,1,39725011
28,31,7,39725052
31,31,4,39725135
32,31,2,39725591
30,29,2,39725594
21,36,4,39725889
29,30,7,39726213
19,38,4,39727243
61,8,6,39730444
22,34,4,39730860
37,29,1,39730942
27,29,6,39730949
21,35,4,39731201
20,35,7,39731353
34,29,6,39731583
32,29,2,39731594
23,33,0,39731903
37,30,7,39731994
39,28,7,39731995
21,35,0,39732208
19,38,7,39732255
29,29,5,39732373
20,36,0,39732393
28,30,6,39732404
43,29,4,39732444
24,32,0,39732492
19,39,4,39732813
35,33,6,39733078
34,33,2,39733266
32,29,3,39734317
34,27,3,39734336
24,32,3,39734424
29,29,6,39734624
23,33,3,39734724
38,30,4,39734822
27,32,0,39735067
29,30,0,39735069
44,30,3,39735224
31,31,5,39735263
34,32,6,39735365
30,28,6,39735368
22,35,5,39735392
30,29,3,39735449
33,30,1,39735459
23,35,1,39735739
27,30,3,39735846
29,30,3,39735943
28,33,6,39735951
28,30,0,39735961
35,28,3,39736031
38,30,0,39736259
25,33,0,39736308
19,38,0,39736371
21,36,0,39736373
33,29,0,39736412
28,30,3,39736419
22,34,3,39736449
33,31,6,39736457
27,31,6,39736497
36,28,3,39736516
33,28,6,39736519
46,31,7,39736548
31,31,6,39736556
30,31,0,39736560
32,29,0,39736563
30,30,0,39736637
30,30,3,39736678
25,32,3,39736734
23,35,0,39736799
25,34,7,39736837
26,33,0,39736852
34,29,0,39736869
29,31,6,39736920
26,32,3,39736949
22,36,5,39736981
20,36,1,39736993
49,36,6,39736995
19,39,0,39737011
20,38,0,39737012
22,36,0,39737014
47,34,6,39737040
38,31,0,39737110
27,32,3,39737128
23,35,3,39737203
33,30,3,39737250
32,31,0,39737333
19,38,3,39737360
22,36,3,39737390
19,36,6,39737579
43,32,0,39737598
45,30,0,39737600
26,33,3,39737950
50,37,6,39738037
28,33,0,39738074
45,32,7,39738128
26,34,0,39738136
20,39,0,39738151
19,39,3,39738152
21,38,0,39738285
17,41,3,39738301
34,30,3,39738319
40,32,2,39738347
42,31,3,39738356
40,30,0,39738364
36,30,1,39738380
52,39,6,39738455
40,30,3,39738518
41,30,3,39738606
23,36,3,39738768
29,28,6,39738821
34,34,3,39738830
23,37,0,39738887
26,30,5,39739055
32,31,3,39739076
28,34,6,39739135
26,32,6,39739143
18,42,0,39739286
20,40,0,39739287
22,38,0,39739288
36,32,3,39739336
18,41,3,39739516
25,27,6,39739710
39,32,0,39739764
33,37,3,39739810
38,32,0,39739946
22,39,6,39740070
18,43,0,39740081
22,37,3,39740340
41,31,3,39740371
38,33,0,39740472
42,33,0,39740592
35,35,3,39740796
38,32,3,39740799
26,35,0,39740852
39,32,3,39740906
16,46,0,39740922
21,40,0,39741002
18,39,2,39741009
17,43,3,39741060
23,38,0,39741075
19,41,3,39741137
22,38,3,39741138
37,30,2,39741378
42,32,0,39741450
45,34,3,39741523
41,32,0,39742046
28,29,6,39742057
52,42,4,39742083
44,35,6,39742619
23,38,3,39743873
30,33,3,39744333
35,32,7,39744433
24,37,5,39744526
26,33,2,39744644
23,38,6,39744655
22,37,5,39744743
19,38,2,39744805
39,34,0,39744833
40,34,0,39744840
62,10,5,39744874
31,30,5,39745164
25,36,3,39745174
40,34,1,39745252
26,32,5,39745298
27,35,2,39745305
61,8,3,39745306
50,14,2,39745569
26,30,3,39745654
35,32,4,39745732
44,33,7,39745769
37,31,7,39745789
28,34,3,39746081
19,42,5,39746083
37,33,2,39746145
24,36,1,39746171
28,33,7,39746193
28,33,5,39746210
41,32,5,39746284
34,34,4,39746317
21,39,2,39746329
36,32,7,39746372
37,32,7,39746509
28,35,2,39746588
40,33,0,39746593
38,34,0,39746646
40,32,0,39746647
35,32,1,39746719
39,33,4,39746741
30,31,6,39746745
32,31,7,39746752
44,35,3,39746772
35,38,3,39746787
27,34,7,39746802
29,34,1,39746903
37,32,4,39746904
44,34,7,39746932
32,31,2,39746967
34,31,1,39746972
33,31,5,39746977
20,40,2,39746997
42,29,4,39747056
39,33,1,39747057
37,31,1,39747059
37,34,6,39747084
35,35,0,39747091
35,34,3,39747128
36,32,2,39747131
23,38,4,39747164
23,37,7,39747172
36,35,0,39747176
25,35,7,39747205
24,35,2,39747214
22,39,4,39747222
18,37,2,39747227
30,33,4,39747242
33,32,0,39747255
35,36,5,39747377
18,43,2,39747388
22,38,7,39747442
27,34,4,39747451
26,35,5,39747470
24,37,4,39747474
20,41,2,39747490
26,35,4,39747529
37,34,0,39747574
41,30,0,39747577
20,41,3,39747612
23,38,3,39747615
28,34,7,39747640
31,31,7,39747641
26,36,4,39747656
28,34,4,39747657
22,36,6,39747665
23,37,4,39747673
23,36,7,39747676
36,31,7,39747719
19,43,2,39747751
17,41,2,39747753
18,42,1,39747757
35,30,1,39747811
48,37,0,39747843
50,35,0,39747845
39,32,1,39747949
32,32,4,39747966
43,34,1,39747990
33,31,3,39748013
19,41,1,39748047
40,32,4,39748108
36,34,5,39748160
33,32,2,39748224
26,34,7,39748230
25,31,6,39748242
36,35,7,39748268
24,36,4,39748271
24,35,7,39748272
21,41,4,39748351
29,32,7,39748358
25,35,4,39748362
48,32,3,39748384
39,32,2,39748390
29,30,6,39748401
42,33,2,39748514
40,31,2,39748530
36,33,7,39748531
28,32,7,39748564
30,33,7,39748615
33,30,7,39748622
24,34,5,39748695
21,40,4,39748701
40,32,2,39748735
36,33,2,39748799
27,28,6,39748852
35,40,1,39748877
38,33,3,39748926
38,34,1,39748933
36,32,1,39748934
33,29,7,39748947
32,32,1,39748952
20,44,2,39748996
39,29,4,39749060
16,45,5,39749111
37,29,5,39749237
39,33,2,39749241
37,31,2,39749246
38,33,2,39749250
36,31,2,39749251
21,38,7,39749270
35,31,2,39749284
35,35,6,39749286
34,34,5,39749297
61,9,1,39749421
61,9,2,39749423
40,31,1,39749429
41,32,0,39749470
56,57,5,39749543
19,40,7,39749576
43,32,1,39749611
26,34,4,39749626
22,37,4,39749754
24,35,4,39749755
35,35,5,39749771
33,35,1,39749791
30,31,7,39749800
27,30,0,39749808
34,37,7,39749818
55,58,3,39749833
23,35,7,39749868
27,33,4,39749878
26,33,7,39749882
44,33,1,39749984
23,33,6,39749989
37,35,0,39750188
32,31,4,39750246
27,32,1,39750280
37,30,3,39750312
38,31,1,39750320
32,32,2,39750431
27,32,2,39750582
41,33,2,39750603
22,36,7,39750662
23,34,1,39750757
23,34,7,39752693
24,33,7,39752877
30,31,4,39753455
21,36,7,39753558
28,30,7,39754463
22,35,4,39755002
48,45,2,39758912
20,36,2,39759810
34,35,6,39760880
48,36,5,39761204
50,46,6,39761401
49,45,6,39761402
49,45,7,39761411
48,36,7,39761758
25,32,6,39761871
29,32,6,39762354
30,30,0,39762360
31,29,3,39762387
22,35,3,39762666
33,29,3,39762934
27,31,5,39762975
21,36,3,39763039
48,45,1,39763127
50,40,5,39763174
27,33,0,39763321
30,32,0,39763551
28,31,5,39763643
29,31,3,39763648
27,32,0,39763663
27,32,3,39763691
47,38,6,39763761
32,31,6,39764166
30,32,5,39764183
31,30,3,39764192
26,32,3,39764235
30,31,0,39764505
37,32,5,39764545
22,36,3,39764810
29,32,3,39765040
20,38,3,39765047
21,38,0,39765096
31,31,3,39765308
32,31,3,39765513
28,32,5,39765524
26,33,3,39765720
34,30,3,39765984
26,34,0,39766028
24,35,3,39766095
35,39,6,39766151
38,33,3,39766195
37,33,0,39766245
40,34,6,39766289
28,33,0,39766309
31,32,0,39766642
38,34,6,39766656
36,32,6,39766660
22,38,0,39766745
24,36,0,39766753
40,33,3,39766896
36,33,3,39766955
38,31,3,39766956
30,32,6,39767052
32,32,0,39767060
27,33,3,39767497
33,34,6,39768332
37,30,4,39768695
19,40,3,39768894
21,38,3,39768895
50,44,5,39769680
20,41,0,39770074
30,34,6,39770295
28,32,6,39770306
43,35,5,39770592
50,47,7,39770599
31,33,5,39771199
34,37,2,39771273
34,37,3,39772065
25,36,1,39772653
23,34,1,39772661
34,35,1,39772835
22,38,2,39772998
32,33,0,39773344
29,34,3,39773419
20,40,0,39773433
48,54,5,39773435
34,35,7,39773508
38,32,0,39773648
39,34,0,39773793
41,32,0,39773795
35,33,4,39773889
35,30,7,39773901
32,32,6,39773982
33,35,2,39773994
28,33,6,39774003
26,34,5,39774145
38,33,7,39774192
32,31,5,39774418
35,33,7,39774470
19,40,2,39774812
35,32,4,39774878
30,33,6,39774888
27,30,6,39774890
51,13,0,39774934
46,48,7,39774970
29,32,4,39775034
33,32,4,39775133
34,32,5,39775154
37,35,4,39775184
31,32,2,39775252
38,29,2,39775285
34,34,6,39775331
23,37,4,39775362
35,34,0,39775459
23,36,7,39775468
32,31,7,39775551
46,52,5,39775563
25,34,5,39775605
31,30,5,39775613
31,32,4,39775615
30,32,7,39775660
32,30,7,39775663
28,33,4,39775668
61,8,2,39775845
24,36,4,39775962
36,32,4,39775976
35,31,7,39775977
26,33,5,39776025
23,35,5,39776052
19,51,0,39776139
31,32,6,39776146
30,31,5,39776151
27,32,1,39776230
22,37,7,39776260
36,32,1,39776357
34,30,1,39776361
36,29,7,39776416
30,30,7,39776456
31,31,4,39776492
34,31,7,39776512
46,48,4,39776567
37,32,2,39776583
35,30,2,39776584
25,34,7,39776592
31,30,2,39776647
46,38,7,39776662
27,33,4,39776668
27,31,7,39776676
29,31,7,39776849
21,39,4,39776909
39,32,0,39776957
25,32,5,39776964
22,36,7,39776994
25,34,4,39777000
29,31,4,39777168
28,31,7,39777176
31,30,4,39777231
21,57,0,39777288
33,31,4,39777428
30,31,7,39777433
29,31,1,39777544
34,31,4,39777569
35,32,1,39777575
33,30,1,39777576
31,29,5,39777617
29,27,5,39777621
32,30,4,39777624
39,32,1,39777634
46,47,4,39777722
30,30,6,39777781
31,31,5,39777782
31,33,2,39777787
33,31,6,39777795
30,33,4,39777800
33,30,4,39777810
32,32,3,39777961
23,35,7,39778008
32,29,7,39778024
34,31,2,39778385
19,41,1,39778635
23,35,4,39778776
46,14,7,39778804
19,48,3,39779288
37,29,7,39779366
39,32,3,39779773
41,30,3,39779774
29,32,4,39779912
39,28,5,39780669
33,38,1,39780889
18,44,3,39781045
40,33,2,39781379
27,32,4,39781509
22,56,0,39781623
25,33,5,39787144
26,33,0,39788898
25,34,0,39789197
24,34,3,39789423
28,30,5,39789699
27,33,0,39790077
30,31,3,39790695
31,33,0,39790825
27,32,3,39790940
24,36,0,39791093
25,34,3,39791321
31,33,6,39791404
29,32,0,39791693
23,37,0,39791703
30,32,5,39792064
26,34,3,39792293
27,34,0,39792380
24,35,3,39792531
23,37,3,39792655
25,35,3,39792656
28,34,0,39792786
31,32,3,39793770
20,42,0,39795870
31,34,6,39796050
32,32,0,39796067
28,33,6,39799134
25,36,2,39799163
23,35,1,39800199
30,34,0,39800414
62,10,2,39800997
60,8,2,39801012
36,33,5,39801136
34,33,1,39801139
24,36,2,39801661
61,10,4,39802422
26,35,4,39803197
36,33,1,39805254
50,13,0,39805288
28,33,4,39805499
25,35,4,39805565
29,33,4,39805741
23,36,5,39805901
24,36,4,39805912
24,35,7,39806082
34,33,2,39806323
60,9,7,39806506
62,7,7,39806517
23,37,2,39806763
28,32,4,39806832
29,40,0,39807291
35,32,0,39810623
36,31,0,39810630
27,32,5,39812130
35,32,3,39812144
62,8,1,39812676
32,33,0,39813026
34,31,0,39813051
29,31,0,39813240
23,36,3,39838233
29,33,6,39839631
62,9,5,39840672
25,37,1,39840678
60,6,5,39841355
61,8,3,39841855
48,13,6,39883504
36,30,2,39894748
49,13,5,39901662
59,9,6,39903161
62,7,3,39933283
36,32,2,39933593
21,31,5,40869443
21,32,6,40873796
10,36,5,40999137
7,39,6,41021506
3,41,7,41024843
53,40,0,41026791
4,41,0,41029719
5,43,6,41047179
4,45,3,41055495
3,44,6,41056537
2,44,6,41056635
7,45,0,41059250
4,45,5,41059401
3,45,5,41060025
4,45,0,41061342
5,47,6,41061735
57,46,2,41092214
23,43,6,41115546
21,41,6,41115564
21,41,5,41117002
57,25,0,41561483
59,21,1,41620924
32,23,1,41655290
59,23,6,42212065
56,25,6,42496326
53,24,2,42588956
21,61,4,43050570
22,58,7,43053288
21,60,4,43054443
22,56,1,43055630
21,58,7,43056668
22,58,4,43056765
22,57,4,43060718
21,59,4,43060900
21,56,6,43062363
26,42,7,43107898
28,40,7,43113268
26,42,4,43113315
27,40,7,43117454
27,40,4,43121122
27,39,7,43121147
32,38,4,43123311
29,38,7,43123897
27,37,7,43132305
25,39,7,43137555
30,35,7,43139639
26,39,4,43140449
27,37,4,43141312
29,35,4,43143628
30,34,4,43146624
27,35,7,43148712
31,33,4,43151185
29,33,7,43152184
27,29,3,43262802
27,30,0,43263636
28,30,0,43273820
27,30,3,43281196
27,29,7,43654361
27,30,7,43962235
27,31,4,43962990
26,31,7,43963598
26,30,7,43967818
26,33,4,43968325
25,31,4,43978747
23,34,7,43980223
23,31,7,43981739
24,32,4,43982091
46,45,0,43982589
46,47,3,43985246
47,29,2,43987050
21,35,4,43987682
49,30,1,43988630
29,40,2,43988769
38,24,2,43989092
24,47,0,43989299
40,24,1,43989316
49,30,2,43989896
21,43,4,43989991
19,46,6,43990625
50,31,2,43991674
23,29,1,43993502
51,30,2,43994143
18,34,6,43994183
18,43,4,43994204
39,24,1,43994670
51,28,1,43994983
54,47,3,43995700
19,49,6,43996039
50,27,1,43997165
19,50,2,44006830
52,50,1,44008906
52,50,4,44009184
47,50,2,44009965
48,46,6,44010016
46,44,6,44010019
24,52,1,44010313
52,48,7,44010384
51,51,4,44010454
50,51,7,44010465
52,49,7,44010467
51,49,7,44010561
50,52,4,44010635
53,43,5,44010931
47,54,2,44011167
52,40,6,44011378
52,49,4,44011442
25,53,1,44011635
45,48,2,44011987
21,43,1,44012506
51,43,7,44012988
48,47,4,44013241
52,30,5,44014218
51,30,6,44014231
21,44,2,44014331
21,36,0,44016342
49,37,1,44016546
49,38,0,44016626
49,34,2,44016680
49,40,5,44016769
46,48,7,44018024
49,33,1,44018363
22,37,0,44018374
47,32,2,44018489
45,38,0,44018640
48,34,7,44018843
24,39,3,44019630
29,37,3,44020174
50,10,5,44020988
43,41,2,44021090
22,29,3,44022562
29,37,4,44023271
47,35,2,44023562
46,34,2,44023563
29,39,3,44023608
40,40,6,44023697
28,38,4,44023735
28,36,2,44023755
23,29,0,44024411
24,28,0,44025533
34,35,5,44026125
40,37,7,44027548
37,36,7,44029587
27,35,2,44030102
29,41,0,44030993
29,40,3,44030995
31,38,3,44030996
27,26,0,44043759
27,25,3,44045029
28,24,3,44045401
26,27,3,44048217
29,24,3,44048227
27,27,0,44049517
29,25,0,44049518
29,26,0,44051521
40,25,6,44052849
28,26,3,44057328
30,25,0,44057478
29,25,3,44057479
28,28,0,44062665
30,26,3,44082465
16,33,6,45187647
26,33,5,45247581
11,49,3,45297327
13,47,3,45302388
15,46,0,45312100
8,49,0,45337365
12,48,3,45341621
8,49,3,45342161
8,50,0,45342555
13,49,0,45342750
6,60,3,45368517
7,54,0,45375107
9,52,0,45375121
7,57,0,45399122
6,58,0,45404059
7,59,5,45424646
5,61,3,45425097
7,60,3,45428888
8,60,5,45432866
53,16,6,46280145
22,61,1,46696974
22,61,2,46697883
20,61,7,46698983
21,60,2,46699798
20,59,1,46699804
21,61,4,46700132
20,61,4,46700352
21,59,7,46702295
21,58,1,46702305
18,60,7,46702718
22,59,2,46703256
23,58,1,46703284
19,60,2,46703851
21,59,4,46703871
20,59,7,46704011
22,57,1,46704849
19,58,2,46705296
20,58,7,46706699
17,60,4,46706812
21,58,2,46706860
22,59,1,46706865
21,58,4,46707030
18,59,7,46707041
19,59,2,46707048
21,57,7,46707651
20,58,2,46708144
20,58,4,46708495
17,59,7,46709228
22,57,4,46709460
18,59,2,46709616
21,57,4,46709921
19,58,4,46710447
15,61,4,46710459
20,59,2,46710513
19,58,1,46710521
15,60,7,46710523
20,57,7,46710691
18,58,7,46711039
22,58,2,46711221
17,59,4,46711313
19,56,1,46711322
17,58,7,46711894
22,56,4,46712154
20,57,4,46712211
21,55,7,46713171
21,56,4,46713490
23,55,4,46714509
20,58,1,46714706
21,56,2,46714723
18,57,4,46715249
19,56,7,46715414
23,56,1,46715903
20,56,1,46716061
22,55,7,46716555
24,54,1,46717113
22,56,1,46717202
22,54,7,46717744
22,53,1,46718568
23,54,4,46718653
23,52,1,46719262
24,52,2,46732725
25,51,1,46735110
23,49,1,46735151
22,51,2,46736920
23,49,7,46740565
24,48,7,46740908
23,50,4,46741072
23,49,4,46743144
23,48,7,46744438
24,48,4,46745482
24,49,1,46746911
22,48,7,46747510
20,49,2,46748163
22,49,4,46748544
25,47,4,46748869
23,47,7,46749078
23,47,4,46760202
24,46,4,46763151
22,47,4,46763579
22,46,7,46764991
24,45,4,46766535
21,48,4,46767284
24,44,7,46771004
25,44,7,46771633
25,44,4,46771697
23,44,7,46773683
24,43,7,46777291
22,46,4,46777765
25,40,7,46802949
21,48,1,46805990
37,37,2,46826254
31,36,2,46828936
29,35,1,46829277
31,36,4,46838997
30,35,2,46841452
32,35,7,46843557
37,33,2,46870487
41,32,1,46893621
39,29,1,46922797
39,30,2,46928504
40,29,1,46936782
40,28,2,46961408
38,26,2,46962619
44,31,5,47151205
44,32,5,47152869
25,44,5,47461708
25,46,5,47463697
23,44,5,47464886
21,40,6,47466216
22,38,7,47467424
43,31,1,47468617
28,39,1,47468883
23,39,4,47468953
49,50,0,47479005
44,31,2,47479666
24,53,5,47480099
48,50,3,47480202
49,49,3,47481159
48,51,3,47481545
49,51,0,47481737
20,37,7,47481828
50,49,3,47481938
22,54,5,47482197
51,48,3,47482769
25,31,4,47483637
21,35,4,47483909
21,53,5,47484282
20,37,4,47484560
50,53,0,47484655
17,39,5,47485333
22,51,5,47485485
22,50,7,47485487
50,52,3,47485526
18,36,6,47485551
18,39,7,47485554
20,57,6,47486456
15,47,6,47486541
18,37,7,47486613
19,37,4,47486776
51,53,0,47486957
20,54,0,47487040
20,54,3,47487043
52,50,3,47487191
51,52,3,47487276
17,38,7,47487505
16,43,6,47487757
53,50,0,47487784
18,55,6,47488411
21,58,6,47488976
52,51,3,47489430
23,30,5,47492991
20,36,4,47494314
51,53,3,47499301
50,35,6,47499667
53,51,3,47500213
49,52,5,47508680
49,45,6,47509689
48,44,6,47510258
50,53,4,47510975
51,43,4,47511043
49,45,4,47511527
48,46,4,47512533
21,49,4,47513787
21,53,1,47513898
47,34,6,47514012
48,39,4,47515320
24,49,0,47515434
21,47,7,47515466
24,50,2,47515614
17,46,2,47516098
24,48,6,47516143
20,34,3,47516667
46,44,5,47517194
19,37,0,47517361
21,34,0,47517489
19,36,3,47517774
19,38,0,47517978
22,33,0,47518977
22,32,3,47519016
23,32,0,47519561
24,30,3,47520041
45,50,5,47520592
45,32,5,47520923
47,43,6,47521847
26,28,5,47521850
21,35,3,47522932
45,35,3,47523414
45,34,6,47523699
44,32,6,47524691
25,43,3,47526181
25,44,0,47526549
34,30,6,47528607
32,34,3,47529014
34,32,3,47529019
42,37,7,47529713
32,35,0,47531274
34,33,0,47531277
26,30,0,47542321
26,31,0,47547089
25,31,3,47548726
27,38,2,47549980
28,43,0,47559293
28,29,3,47561364
28,31,0,47580585
52,15,3,48550894
28,39,5,48708133
27,38,5,48708756
30,40,0,48748338
28,41,3,48811942
52,13,5,50120443
45,43,6,50212147
49,14,5,50232413
17,38,5,50245970
15,36,5,50247526
50,15,7,50248723
58,14,6,50320812
24,44,5,50466598
23,47,6,50467380
24,45,4,50467420
23,45,5,50493509
21,46,5,50496908
14,48,5,50562139
39,24,5,50588645
51,21,5,50614707
38,24,5,50623698
